id,X,Y,x_light,y_light,elevation,azimuth
0,NaN,NaN,-0.1792,0.128,NaN,NaN
1,NaN,NaN,-0.1536,0.128,NaN,NaN
2,NaN,NaN,-0.128,0.128,NaN,NaN
3,NaN,NaN,-0.1024,0.128,NaN,NaN
4,NaN,NaN,-0.0768,0.128,NaN,NaN
5,NaN,NaN,-0.0512,0.128,NaN,NaN
6,NaN,NaN,-0.0256,0.128,NaN,NaN
7,NaN,NaN,-0.0,0.128,NaN,NaN
8,NaN,NaN,0.0256,0.128,NaN,NaN
9,NaN,NaN,0.0512,0.128,NaN,NaN
10,NaN,NaN,0.0768,0.128,NaN,NaN
11,NaN,NaN,0.1024,0.128,NaN,NaN
12,NaN,NaN,0.128,0.128,NaN,NaN
13,NaN,NaN,0.1536,0.128,NaN,NaN
14,NaN,NaN,-0.1792,0.1024,NaN,NaN
15,NaN,NaN,-0.1536,0.1024,NaN,NaN
16,NaN,NaN,-0.128,0.1024,NaN,NaN
17,0.37758,-0.59195,-0.1024,0.1024,44.5973,302.5321
18,0.25208,-0.59519,-0.0768,0.1024,40.2685,292.954
19,0.13805,-0.60087,-0.0512,0.1024,38.0628,282.9392
20,0.02649,-0.60588,-0.0256,0.1024,37.3339,272.5035
21,-0.09087,-0.60704,-0.0,0.1024,37.865,261.4864
22,-0.20531,-0.60512,0.0256,0.1024,39.7174,251.2585
23,-0.31943,-0.60166,0.0512,0.1024,42.9373,242.0355
24,NaN,NaN,0.0768,0.1024,NaN,NaN
25,NaN,NaN,0.1024,0.1024,NaN,NaN
26,NaN,NaN,0.128,0.1024,NaN,NaN
27,NaN,NaN,0.1536,0.1024,NaN,NaN
28,NaN,NaN,-0.1792,0.0768,NaN,NaN
29,NaN,NaN,-0.1536,0.0768,NaN,NaN
30,0.49612,-0.474,-0.128,0.0768,43.3266,316.3062
31,0.37197,-0.47818,-0.1024,0.0768,37.2879,307.8789
32,0.2524,-0.48629,-0.0768,0.0768,33.2224,297.4308
33,0.13557,-0.49125,-0.0512,0.0768,30.6381,285.4279
34,0.01981,-0.49504,-0.0256,0.0768,29.6985,272.2916
35,-0.09747,-0.49951,-0.0,0.0768,30.5926,258.9585
36,-0.21486,-0.49555,0.0256,0.0768,32.6921,246.5595
37,-0.32922,-0.48821,0.0512,0.0768,36.0749,236.0066
38,-0.44685,-0.48168,0.0768,0.0768,41.0739,227.1482
39,-0.55451,-0.476,0.1024,0.0768,46.9529,220.6433
40,NaN,NaN,0.128,0.0768,NaN,NaN
41,NaN,NaN,0.1536,0.0768,NaN,NaN
42,NaN,NaN,-0.1792,0.0512,NaN,NaN
43,NaN,NaN,-0.1536,0.0512,NaN,NaN
44,0.48932,-0.3559,-0.128,0.0512,37.2332,323.9703
45,0.37197,-0.36571,-0.1024,0.0512,31.4421,315.4862
46,0.255,-0.3719,-0.0768,0.0512,26.8031,304.4372
47,0.13672,-0.37928,-0.0512,0.0512,23.7765,289.8228
48,0.02058,-0.3846,-0.0256,0.0512,22.6531,273.063
49,-0.09939,-0.38524,-0.0,0.0512,23.4441,255.5334
50,-0.22191,-0.38269,0.0256,0.0512,26.2555,239.8919
51,-0.33929,-0.37434,0.0512,0.0512,30.346,227.8118
52,-0.45089,-0.37136,0.0768,0.0512,35.7417,219.4754
53,-0.56124,-0.35784,0.1024,0.0512,41.7293,212.5211
54,NaN,NaN,0.128,0.0512,NaN,NaN
55,NaN,NaN,0.1536,0.0512,NaN,NaN
56,NaN,NaN,-0.1792,0.0256,NaN,NaN
57,0.62296,-0.24145,-0.1536,0.0256,41.9217,338.8144
58,0.49378,-0.24306,-0.128,0.0256,33.3918,333.7916
59,0.37588,-0.25162,-0.1024,0.0256,26.893,326.201
60,0.25695,-0.25834,-0.0768,0.0256,21.3686,314.8454
61,0.13951,-0.26763,-0.0512,0.0256,17.5663,297.5321
62,0.02195,-0.27023,-0.0256,0.0256,15.7309,274.6438
63,-0.10338,-0.27067,-0.0,0.0256,16.8424,249.0961
64,-0.22709,-0.26784,0.0256,0.0256,20.5578,229.7068
65,-0.34729,-0.25992,0.0512,0.0256,25.708,216.812
66,-0.45973,-0.25445,0.0768,0.0256,31.6985,208.9635
67,-0.56727,-0.24819,0.1024,0.0256,38.2568,203.6302
68,-0.67597,-0.24063,0.128,0.0256,45.8503,199.5946
69,NaN,NaN,0.1536,0.0256,NaN,NaN
70,NaN,NaN,-0.1792,-0.0,NaN,NaN
71,0.61915,-0.12677,-0.1536,-0.0,39.1974,348.4287
72,0.49637,-0.13252,-0.128,-0.0,30.9143,345.0519
73,0.38096,-0.13696,-0.1024,-0.0,23.8806,340.2258
74,0.26266,-0.14284,-0.0768,-0.0,17.3968,331.4617
75,0.14122,-0.14551,-0.0512,-0.0,11.6991,314.1428
76,0.02237,-0.14894,-0.0256,-0.0,8.6623,278.5417
77,-0.10001,-0.15138,-0.0,-0.0,10.4532,236.549
78,-0.23076,-0.15021,0.0256,-0.0,15.9824,213.0616
79,-0.34806,-0.14623,0.0512,-0.0,22.1808,202.7887
80,-0.46308,-0.14327,0.0768,-0.0,28.9952,197.1913
81,-0.56936,-0.13855,0.1024,-0.0,35.8719,193.6767
82,-0.68046,-0.12937,0.128,-0.0,43.8402,190.7647
83,NaN,NaN,0.1536,-0.0,NaN,NaN
84,NaN,NaN,-0.1792,-0.0256,NaN,NaN
85,0.62124,-0.01899,-0.1536,-0.0256,38.428,358.2491
86,0.49807,-0.02107,-0.128,-0.0256,29.9018,357.5776
87,0.38562,-0.02176,-0.1024,-0.0256,22.7203,356.7703
88,0.26667,-0.02521,-0.0768,-0.0256,15.5369,354.5995
89,0.14382,-0.02528,-0.0512,-0.0256,8.3966,350.0307
90,0.02585,-0.02355,-0.0256,-0.0256,2.004,317.6657
91,-0.09663,-0.03032,-0.0,-0.0256,5.8126,197.4205
92,-0.22478,-0.03308,0.0256,-0.0256,13.1323,188.3719
93,-0.34704,-0.02784,0.0512,-0.0256,20.3745,184.5865
94,-0.46194,-0.02695,0.0768,-0.0256,27.5631,183.3389
95,-0.57268,-0.02611,0.1024,-0.0256,34.9789,182.6105
96,-0.6805,-0.01905,0.128,-0.0256,42.9036,181.6035
97,NaN,NaN,0.1536,-0.0256,NaN,NaN
98,NaN,NaN,-0.1792,-0.0512,NaN,NaN
99,0.62124,0.08906,-0.1536,-0.0512,38.8726,8.1582
100,0.49845,0.09515,-0.128,-0.0512,30.4942,10.8073
101,0.38487,0.09649,-0.1024,-0.0512,23.3771,14.0744
102,0.26469,0.09776,-0.0768,-0.0512,16.3895,20.2711
103,0.14701,0.09593,-0.0512,-0.0512,10.1101,33.1261
104,0.0252,0.09419,-0.0256,-0.0512,5.5954,75.0216
105,-0.09821,0.09141,-0.0,-0.0512,7.7105,137.0538
106,-0.22563,0.09037,0.0256,-0.0512,14.0669,158.1728
107,-0.34543,0.09175,0.0512,-0.0512,20.9411,165.1251
108,-0.45762,0.09122,0.0768,-0.0512,27.8153,168.7267
109,-0.56836,0.08866,0.1024,-0.0512,35.116,171.1337
110,-0.67729,0.0904,0.128,-0.0512,43.1018,172.3975
111,NaN,NaN,0.1536,-0.0512,NaN,NaN
112,NaN,NaN,-0.1792,-0.0768,NaN,NaN
113,0.6178,0.1959,-0.1536,-0.0768,40.3997,17.5935
114,0.49155,0.20709,-0.128,-0.0768,32.235,22.8457
115,0.38104,0.20962,-0.1024,-0.0768,25.7785,28.8163
116,0.26201,0.20873,-0.0768,-0.0768,19.5719,38.5425
117,0.14467,0.21098,-0.0512,-0.0768,14.822,55.5614
118,0.02526,0.21042,-0.0256,-0.0768,12.2355,83.1546
119,-0.09455,0.20876,-0.0,-0.0768,13.2484,114.3664
120,-0.22442,0.20858,0.0256,-0.0768,17.8413,137.0951
121,-0.34249,0.20835,0.0512,-0.0768,23.6335,148.6862
122,-0.45263,0.2023,0.0768,-0.0768,29.7213,155.9181
123,-0.56684,0.19565,0.1024,-0.0768,36.8452,160.9574
124,-0.67388,0.19901,0.128,-0.0768,44.6401,163.5471
125,NaN,NaN,0.1536,-0.0768,NaN,NaN
126,NaN,NaN,-0.1792,-0.1024,NaN,NaN
127,0.62623,0.31258,-0.1536,-0.1024,44.4196,26.5259
128,0.48623,0.32097,-0.128,-0.1024,35.6347,33.4296
129,0.37264,0.3262,-0.1024,-0.1024,29.6859,41.1981
130,0.25828,0.32668,-0.0768,-0.1024,24.6105,51.6694
131,0.14152,0.33058,-0.0512,-0.1024,21.0755,66.8244
132,0.02193,0.33021,-0.0256,-0.1024,19.3257,86.2004
133,-0.09634,0.33168,-0.0,-0.1024,20.2055,106.1965
134,-0.22104,0.32828,0.0256,-0.1024,23.3134,123.9535
135,-0.33705,0.3236,0.0512,-0.1024,27.8557,136.1663
136,-0.45135,0.31877,0.0768,-0.1024,33.5434,144.768
137,-0.56435,0.31508,0.1024,-0.1024,40.2669,150.8251
138,NaN,NaN,0.128,-0.1024,NaN,NaN
139,NaN,NaN,0.1536,-0.1024,NaN,NaN
140,NaN,NaN,-0.1792,-0.128,NaN,NaN
141,NaN,NaN,-0.1536,-0.128,NaN,NaN
142,0.48306,0.43447,-0.128,-0.128,40.519,41.9686
143,0.36696,0.4386,-0.1024,-0.128,34.8804,50.0821
144,0.25572,0.44185,-0.0768,-0.128,30.698,59.94
145,0.13637,0.44434,-0.0512,-0.128,27.697,72.9385
146,0.02584,0.44801,-0.0256,-0.128,26.6638,86.699
147,-0.09429,0.44757,-0.0,-0.128,27.2191,101.8966
148,-0.21719,0.44082,0.0256,-0.128,29.434,116.2293
149,-0.32798,0.43984,0.0512,-0.128,33.2753,126.7112
150,-0.44417,0.43097,0.0768,-0.128,38.235,135.8641
151,-0.55533,0.43578,0.1024,-0.128,44.9023,141.8779
152,NaN,NaN,0.128,-0.128,NaN,NaN
153,NaN,NaN,0.1536,-0.128,NaN,NaN
154,NaN,NaN,-0.1792,-0.1536,NaN,NaN
155,NaN,NaN,-0.1536,-0.1536,NaN,NaN
156,NaN,NaN,-0.128,-0.1536,NaN,NaN
157,0.36864,0.55018,-0.1024,-0.1536,41.4728,56.1765
158,0.24864,0.54869,-0.0768,-0.1536,37.0418,65.6222
159,0.13577,0.55245,-0.0512,-0.1536,34.6728,76.1926
160,0.02837,0.55343,-0.0256,-0.1536,33.6526,87.0655
161,-0.08872,0.55307,-0.0,-0.1536,34.0655,99.1134
162,-0.20838,0.54793,0.0256,-0.1536,35.889,110.822
163,-0.32164,0.5446,0.0512,-0.1536,39.2339,120.566
164,-0.43041,0.55383,0.0768,-0.1536,44.5405,127.8526
165,NaN,NaN,0.1024,-0.1536,NaN,NaN
166,NaN,NaN,0.128,-0.1536,NaN,NaN
167,NaN,NaN,0.1536,-0.1536,NaN,NaN
168,NaN,NaN,-0.1792,-0.1792,NaN,NaN
169,NaN,NaN,-0.1536,-0.1792,NaN,NaN
170,NaN,NaN,-0.128,-0.1792,NaN,NaN
171,NaN,NaN,-0.1024,-0.1792,NaN,NaN
172,NaN,NaN,-0.0768,-0.1792,NaN,NaN
173,0.14033,0.66365,-0.0512,-0.1792,42.7128,78.0606
174,0.02988,0.66439,-0.0256,-0.1792,41.687,87.4249
175,-0.08162,0.66498,-0.0,-0.1792,42.0648,96.9975
176,-0.19215,0.66949,0.0256,-0.1792,44.1484,106.014
177,NaN,NaN,0.0512,-0.1792,NaN,NaN
178,NaN,NaN,0.0768,-0.1792,NaN,NaN
179,NaN,NaN,0.1024,-0.1792,NaN,NaN
180,NaN,NaN,0.128,-0.1792,NaN,NaN
181,NaN,NaN,0.1536,-0.1792,NaN,NaN
182,NaN,NaN,-0.1792,-0.2048,NaN,NaN
183,NaN,NaN,-0.1536,-0.2048,NaN,NaN
184,NaN,NaN,-0.128,-0.2048,NaN,NaN
185,NaN,NaN,-0.1024,-0.2048,NaN,NaN
186,NaN,NaN,-0.0768,-0.2048,NaN,NaN
187,NaN,NaN,-0.0512,-0.2048,NaN,NaN
188,NaN,NaN,-0.0256,-0.2048,NaN,NaN
189,NaN,NaN,-0.0,-0.2048,NaN,NaN
190,NaN,NaN,0.0256,-0.2048,NaN,NaN
191,NaN,NaN,0.0512,-0.2048,NaN,NaN
192,NaN,NaN,0.0768,-0.2048,NaN,NaN
193,NaN,NaN,0.1024,-0.2048,NaN,NaN
194,NaN,NaN,0.128,-0.2048,NaN,NaN
195,NaN,NaN,0.1536,-0.2048,NaN,NaN
